Year,League,Rank,Team,All-Games,Win,Lose,Draw,Win-Prob,Batting-Average,Bats,Points,Hits,Double,Triple,HR,RBI,Steal,Protection-Ratio,Whole-Pitch,Strike-Outs,Lost-Points1950,pacific,2,南海ホークス,120,66,49,5,.574,.279,4232,645,1181,211,43,88,583,225,3.38,38,469,495
1950,pacific,3,大映スターズ,120,62,54,4,.534,.260,4152,534,1078,181,22,91,491,82,3.70,65,457,516
1950,pacific,6,東急フライヤーズ,120,51,69,0,.425,.256,4164,524,1067,169,27,87,464,143,4.52,59,428,660
1950,pacific,1,毎日オリオンズ,120,81,34,5,.704,.286,4245,713,1212,209,43,124,640,195,3.42,58,462,512
1950,pacific,5,西鉄クリッパース,120,51,67,2,.432,.254,4136,493,1050,164,23,79,451,115,3.87,52,407,583
1950,pacific,7,近鉄パールス,120,44,72,4,.379,.242,4081,467,987,179,22,86,428,94,3.85,70,418,591
1950,pacific,4,阪急ブレーブス,120,54,64,2,.458,.244,4086,522,999,163,46,69,459,193,3.69,48,463,541
1951,pacific,1,南海ホークス,104,72,24,8,.750,.276,3660,496,1010,152,45,48,441,191,2.40,36,376,322
1951,pacific,4,大映スターズ,101,41,52,8,.441,.239,3481,376,831,142,22,46,338,59,3.33,54,348,422
1951,pacific,6,東急フライヤーズ,102,38,56,8,.404,.241,3437,355,829,115,32,71,324,90,3.64,42,318,459
1951,pacific,3,毎日オリオンズ,110,54,51,5,.514,.258,3694,482,953,155,31,59,424,133,3.25,37,310,463
1951,pacific,2,西鉄ライオンズ,105,53,42,10,.558,.242,3555,429,860,141,26,63,393,92,2.75,35,351,367
1951,pacific,7,近鉄パールス,98,37,56,5,.398,.223,3201,319,713,100,23,37,299,81,3.13,49,337,387
1951,pacific,5,阪急ブレーブス,96,37,51,8,.420,.243,3278,367,796,123,30,45,332,135,3.32,34,328,404
1952,pacific,1,南海ホークス,121,76,44,1,.633,.268,4168,594,1119,168,40,83,520,239,2.84,29,481,420
1952,pacific,4,大映スターズ,121,55,65,1,.4583,.2428,4044,457,982,160,32,68,415,97,3.38,62,363,489
1952,pacific,6,東急フライヤーズ,108,49,59,0,.454,.251,3728,453,935,147,26,51,413,110,3.95,37,289,509
1952,pacific,2,毎日オリオンズ,120,75,45,0,.625,.264,4079,554,1076,188,38,72,517,160,2.87,27,421,441
1952,pacific,3,西鉄ライオンズ,120,67,52,1,.563,.261,4082,532,1066,194,39,94,499,100,3.08,45,368,481
1952,pacific,7,近鉄パールス,108,30,78,0,.278,.2429,3742,356,909,159,19,37,317,43,4.06,29,383,568
1952,pacific,5,阪急ブレーブス,108,49,58,1,.4579,.246,3669,424,904,152,39,39,381,193,3.70,37,422,462
1953,pacific,1,南海ホークス,120,71,48,1,.597,.265,4140,541,1096,188,28,61,477,228,3.02,42,428,433
1953,pacific,3,大映スターズ,120,63,53,4,.543,.237,4011,405,952,156,32,30,364,61,2.67,76,384,392
1953,pacific,6,東急フライヤーズ,120,50,67,3,.427,.220,3990,360,878,148,15,50,325,112,3.26,42,477,480
1953,pacific,5,毎日オリオンズ,120,56,62,2,.475,.252,4028,455,1015,146,40,56,414,114,3.13,27,547,459
1953,pacific,4,西鉄ライオンズ,120,57,61,2,.483,.253,4128,487,1043,178,45,114,454,122,3.05,41,533,477
1953,pacific,7,近鉄パールス,120,48,69,3,.410,.246,4138,369,1018,147,40,31,336,117,2.93,55,388,461
1953,pacific,2,阪急ブレーブス,120,67,52,1,.563,.258,4166,488,1074,163,51,44,441,184,2.68,45,513,403
1954,pacific,2,南海ホークス,140,91,49,0,.650,.250,4566,529,1141,176,42,82,487,219,2.50,39,666,417
1954,pacific,8,大映スターズ,140,43,92,5,.319,.222,4638,402,1030,181,36,47,355,100,3.53,69,482,589
1954,pacific,7,東映フライヤーズ,140,52,86,2,.377,.234,4668,472,1093,167,23,46,413,129,3.73,31,535,619
1954,pacific,3,毎日オリオンズ,140,79,57,4,.581,.236,4681,550,1106,180,38,89,510,162,2.69,40,725,467
1954,pacific,1,西鉄ライオンズ,140,90,47,3,.657,.256,4679,590,1198,203,47,134,547,136,2.17,35,752,379
1954,pacific,4,近鉄パールス,140,74,63,3,.540,.247,4697,530,1162,183,40,27,466,223,2.66,64,575,473
1954,pacific,5,阪急ブレーブス,140,66,70,4,.485,.260,4664,572,1211,223,54,63,533,204,3.23,42,697,547
1954,pacific,6,高橋ユニオンズ,140,53,84,3,.387,.229,4612,440,1057,147,32,51,389,143,3.43,49,528,594
1955,pacific,8,トンボユニオンズ,141,42,98,1,.300,.227,4685,420,1063,161,38,40,373,132,3.94,29,506,691
1955,pacific,1,南海ホークス,143,99,41,3,.707,.249,4763,606,1187,177,26,90,549,245,2.61,29,736,445
1955,pacific,6,大映スターズ,141,53,87,1,.379,.228,4641,410,1056,172,28,41,370,109,2.99,45,510,524
1955,pacific,7,東映フライヤーズ,143,51,89,3,.364,.232,4669,424,1082,175,31,40,383,88,3.18,37,544,568
1955,pacific,3,毎日オリオンズ,142,85,55,2,.607,.251,4770,573,1196,203,38,89,526,122,2.46,32,766,450
1955,pacific,2,西鉄ライオンズ,144,90,50,4,.643,.259,4859,663,1258,211,33,140,606,173,2.68,40,777,471
1955,pacific,5,近鉄パールス,142,60,80,2,.429,.252,4679,510,1181,152,32,35,459,149,3.45,47,634,584
1955,pacific,4,阪急ブレーブス,142,80,60,2,.571,.267,4782,589,1279,208,66,39,539,213,2.70,38,744,462
1956,pacific,2,南海ホークス,154,96,52,6,.643,.250,5209,612,1304,219,36,68,550,238,2.23,24,648,457
1956,pacific,7,大映スターズ,154,57,94,3,.380,.227,5135,433,1165,170,30,46,384,124,2.89,27,634,559
1956,pacific,6,東映フライヤーズ,154,58,92,4,.390,.216,5096,411,1101,151,37,41,369,122,2.86,37,694,558
1956,pacific,4,毎日オリオンズ,154,84,66,4,.558,.234,4986,530,1169,211,42,95,487,78,2.40,29,725,477
1956,pacific,1,西鉄ライオンズ,154,96,51,7,.646,.254,5075,611,1288,213,56,95,567,165,1.87,42,902,372
1956,pacific,5,近鉄パールス,154,68,82,4,.455,.226,4895,495,1107,153,39,48,452,177,3.17,40,631,583
1956,pacific,3,阪急ブレーブス,154,88,64,2,.578,.238,5022,581,1194,170,55,43,518,277,2.38,46,872,459
1956,pacific,8,高橋ユニオンズ,154,52,98,4,.351,.214,5033,403,1075,159,34,50,359,145,3.26,20,636,611
1957,pacific,2,南海ホークス,132,78,53,1,.595,.252,4427,551,1117,198,28,98,491,102,2.68,23,613,424
1957,pacific,7,大映ユニオンズ,132,41,89,2,.318,.213,4359,377,930,145,22,48,342,88,3.63,23,496,575
1957,pacific,5,東映フライヤーズ,132,56,73,3,.436,.227,4422,371,1003,156,37,45,330,96,2.80,33,675,451
1957,pacific,3,毎日オリオンズ,132,75,52,5,.587,.239,4289,477,1027,166,44,80,429,110,2.47,35,736,435
1957,pacific,1,西鉄ライオンズ,132,83,44,5,.648,.255,4401,546,1122,178,42,94,498,99,2.15,37,820,370
1957,pacific,6,近鉄パールス,132,44,82,6,.356,.225,4348,390,977,125,19,35,347,131,3.22,25,617,522
1957,pacific,4,阪急ブレーブス,132,71,55,6,.561,.231,4366,474,1010,169,35,56,430,195,2.41,59,828,409
1958,pacific,2,南海ホークス,130,77,48,5,.612,.248,4448,543,1103,189,31,93,497,111,2.53,35,700,414
1958,pacific,5,東映フライヤーズ,130,57,70,3,.450,.237,4360,419,1032,186,49,40,376,79,2.70,45,725,442
1958,pacific,4,毎日大映オリオンズ,130,62,63,5,.496,.239,4368,435,1046,195,29,72,402,131,2.79,26,740,440
1958,pacific,1,西鉄ライオンズ,130,78,47,5,.619,.243,4309,511,1049,171,28,83,468,96,2.37,32,862,370
1958,pacific,6,近鉄パールス,130,29,97,4,.238,.215,4225,326,907,123,20,41,290,113,4.04,26,517,613
1958,pacific,3,阪急ブレーブス,130,73,51,6,.585,.234,4354,437,1019,165,44,41,381,176,2.54,53,759,392
1959,pacific,1,南海ホークス,134,88,42,4,.677,.265,4524,574,1197,199,38,90,527,75,2.44,29,786,408
1959,pacific,3,東映フライヤーズ,135,67,63,5,.515,.242,4629,490,1120,182,54,78,454,88,2.98,34,687,483
1959,pacific,2,毎日大映オリオンズ,136,82,48,6,.631,.255,4641,559,1184,215,37,114,513,125,2.76,26,780,447
1959,pacific,4,西鉄ライオンズ,144,66,64,14,.508,.236,4832,494,1140,175,42,69,455,79,2.66,33,893,459
1959,pacific,6,近鉄バファロー,133,39,91,3,.300,.229,4384,381,1002,145,31,48,338,64,3.68,21,593,578
1959,pacific,5,阪急ブレーブス,134,48,82,4,.369,.222,4447,387,986,130,31,57,355,135,3.26,36,773,510
1960,pacific,2,南海ホークス,136,78,52,6,.600,.247,4564,519,1128,190,26,103,481,89,2.88,39,871,459
1960,pacific,5,東映フライヤーズ,132,52,78,2,.400,.2355,4428,436,1043,147,30,80,388,114,2.92,33,671,492
1960,pacific,1,毎日大映オリオンズ,133,82,48,3,.631,.262,4522,547,1183,193,39,100,505,88,2.66,34,743,433
1960,pacific,3,西鉄ライオンズ,136,70,60,6,.538,.251,4537,537,1138,179,41,97,486,80,3.05,42,889,467
1960,pacific,6,近鉄バファロー,131,43,87,1,.331,.2358,4372,408,1031,194,29,69,383,51,3.61,31,739,570
1960,pacific,4,阪急ブレーブス,136,65,65,6,.500,.243,4580,447,1112,185,39,64,407,105,2.99,47,776,473
1961,pacific,1,南海ホークス,140,85,49,6,.629,.262,4734,613,1239,210,24,117,575,113,2.96,28,900,484
1961,pacific,2,東映フライヤーズ,140,83,52,5,.611,.264,4812,614,1271,247,56,108,570,133,2.39,49,785,442
1961,pacific,4,毎日大映オリオンズ,140,72,66,2,.521,.258,4776,601,1234,228,36,103,553,84,3.23,33,794,529
1961,pacific,3,西鉄ライオンズ,140,81,56,3,.589,.249,4624,545,1151,175,29,110,497,107,2.83,36,943,485
1961,pacific,6,近鉄バファロー,140,36,103,1,.261,.229,4726,411,1080,198,21,68,375,38,3.96,18,733,691
1961,pacific,5,阪急ブレーブス,140,53,84,3,.389,.225,4588,421,1033,190,32,65,388,93,3.56,35,736,574
1962,pacific,2,南海ホークス,133,73,57,3,.562,.253,4525,580,1143,188,24,119,536,137,3.27,26,707,510
1962,pacific,1,東映フライヤーズ,133,78,52,3,.600,.2520,4400,539,1109,173,39,85,496,149,2.42,37,762,416
1962,pacific,4,毎日大映オリオンズ,132,60,70,2,.462,.268,4580,552,1228,203,31,92,518,75,3.71,29,725,571
1962,pacific,3,西鉄ライオンズ,136,62,68,6,.477,.245,4501,483,1103,161,36,92,444,89,3.00,44,864,489
1962,pacific,6,近鉄バファローズ,131,57,73,1,.438,.2524,4417,464,1115,180,36,70,432,64,3.40,18,715,566
1962,pacific,5,阪急ブレーブス,131,60,70,1,.462,.229,4266,451,976,173,41,60,408,107,3.36,33,797,517
1963,pacific,2,南海ホークス,150,85,61,4,.582,.25621,5105,626,1308,174,32,184,598,100,2.70,43,713,485
1963,pacific,3,東映フライヤーズ,150,76,71,3,.517,.236,4959,543,1168,176,36,114,512,124,3.02,43,708,534
1963,pacific,5,毎日大映オリオンズ,150,64,85,1,.430,.246,4946,510,1218,195,19,117,480,85,3.05,34,837,535
1963,pacific,1,西鉄ライオンズ,150,86,60,4,.589,.244,5013,584,1222,175,19,146,555,102,2.69,45,811,477
1963,pacific,4,近鉄バファローズ,150,74,73,3,.503,.25620,4992,562,1279,232,31,98,520,84,3.44,25,704,614
1963,pacific,6,阪急ブレーブス,150,57,92,1,.383,.228,4968,459,1132,180,26,86,425,85,3.69,36,768,639
1964,pacific,1,南海ホークス,150,84,63,3,.571,.259,5083,653,1315,196,21,144,614,171,3.12,34,820,562
1964,pacific,4,東京オリオンズ,150,77,68,5,.531,.249,5060,535,1262,179,29,93,484,121,2.86,49,795,512
1964,pacific,3,東映フライヤーズ,150,78,68,4,.534,.250,5096,555,1273,188,36,100,509,119,2.95,35,718,530
1964,pacific,5,西鉄ライオンズ,150,63,81,6,.438,.242,5045,549,1220,191,25,116,520,78,3.57,35,622,617
1964,pacific,6,近鉄バファローズ,150,55,91,4,.377,.254,5095,546,1295,226,32,112,514,71,3.63,24,648,660
1964,pacific,2,阪急ブレーブス,150,79,65,6,.549,.245,5048,590,1235,221,27,141,543,68,3.01,49,745,547
1965,pacific,1,南海ホークス,140,88,49,3,.642,.255,4771,614,1217,197,27,153,585,91,2.80,27,785,449
1965,pacific,5,東京オリオンズ,140,62,74,4,.456,.232,4664,476,1083,178,24,117,450,110,2.90,46,693,472
1965,pacific,2,東映フライヤーズ,140,76,61,3,.555,.240,4606,501,1104,161,27,107,467,98,2.88,49,724,474
1965,pacific,3,西鉄ライオンズ,140,72,64,4,.529,.246,4676,506,1148,186,14,112,480,81,3.00,48,757,476
1965,pacific,6,近鉄バファローズ,140,46,92,2,.333,.235,4620,397,1087,163,11,91,373,61,3.61,35,552,574
1965,pacific,4,阪急ブレーブス,140,67,71,2,.486,.234,4648,500,1089,187,17,130,466,68,3.33,46,718,549
1966,pacific,1,南海ホークス,133,79,51,3,.608,.245,4374,477,1073,155,20,108,452,85,2.59,32,650,394
1966,pacific,4,東京オリオンズ,134,61,69,4,.469,.240,4424,462,1061,159,21,112,432,75,2.93,44,653,460
1966,pacific,3,東映フライヤーズ,136,70,60,6,.538,.256,4521,480,1157,166,33,91,451,69,2.75,49,659,443
1966,pacific,2,西鉄ライオンズ,138,75,55,8,.577,.231,4497,426,1038,175,25,125,407,82,2.13,32,767,354
1966,pacific,6,近鉄バファローズ,133,48,82,3,.369,.228,4365,388,997,179,17,100,368,68,3.60,21,656,538
1966,pacific,5,阪急ブレーブス,134,57,73,4,.438,.229,4350,447,997,179,27,89,411,102,3.31,43,672,491
1967,pacific,4,南海ホークス,133,64,66,3,.492,.235,4385,450,1030,152,21,108,428,90,3.04,32,650,438
1967,pacific,5,東京オリオンズ,137,61,69,7,.469,.240,4556,463,1093,167,25,87,423,115,3.01,33,736,483
1967,pacific,3,東映フライヤーズ,134,65,65,4,.500,.260,4469,510,1164,171,28,97,488,95,3.19,33,731,472
1967,pacific,2,西鉄ライオンズ,140,66,64,10,.508,.222,4569,407,1014,154,20,98,387,99,2.50,38,764,418
1967,pacific,6,近鉄バファローズ,132,59,71,2,.454,.2510,4373,465,1098,143,18,104,441,73,3.83,31,717,567
1967,pacific,1,阪急ブレーブス,134,75,55,4,.577,.2513,4413,518,1109,163,24,143,494,87,2.79,48,695,435
1968,pacific,2,南海ホークス,136,79,51,6,.608,.243,4491,548,1090,161,33,127,515,109,2.921,41,591,445
1968,pacific,3,東京オリオンズ,139,67,63,9,.515,.262,4794,578,1254,196,19,155,552,80,3.32,46,655,553
1968,pacific,6,東映フライヤーズ,135,51,79,5,.392,.248,4516,472,1119,134,20,118,454,61,3.97,32,666,607
1968,pacific,5,西鉄ライオンズ,133,56,74,3,.431,.237,4393,464,1043,157,16,110,439,107,3.17,27,687,486
1968,pacific,4,近鉄バファローズ,135,57,73,5,.438,.234,4424,421,1034,157,19,84,398,151,3.28,31,822,491
1968,pacific,1,阪急ブレーブス,134,80,50,4,.615,.242,4389,538,1062,177,16,154,517,122,2.922,40,763,439
1969,pacific,3,ロッテ・オリオンズ,130,69,54,7,.561,.260,4400,555,1146,161,23,142,529,112,3.11,39,685,475
1969,pacific,6,南海ホークス,130,50,76,4,.397,.241,4303,409,1035,122,20,85,380,97,3.56,38,496,530
1969,pacific,4,東映フライヤーズ,130,57,70,3,.449,.2537,4434,488,1125,160,26,116,459,84,3.35,30,688,502
1969,pacific,5,西鉄ライオンズ,130,51,75,4,.405,.225,4250,418,957,147,13,119,405,55,3.40,35,604,507
1969,pacific,2,近鉄バファローズ,130,73,51,6,.589,.243,4261,482,1035,137,27,118,455,120,2.78,55,736,418
1969,pacific,1,阪急ブレーブス,130,76,50,4,.603,.2536,4302,543,1091,170,14,154,513,128,3.18,42,558,463
1970,pacific,1,ロッテ・オリオンズ,130,80,47,3,.630,.263,4304,599,1132,162,21,166,566,141,3.23,64,717,472
1970,pacific,2,南海ホークス,130,69,57,4,.548,.255,4425,589,1127,168,12,147,566,84,3.43,31,593,510
1970,pacific,5,東映フライヤーズ,130,54,70,6,.435,.253,4345,521,1100,144,25,147,501,110,4.18,32,665,599
1970,pacific,6,西鉄ライオンズ,130,43,78,9,.355,.225,4253,417,956,129,9,137,404,77,4.12,25,633,576
1970,pacific,3,近鉄バファローズ,130,65,59,6,.524,.233,4233,424,987,154,20,108,408,152,2.98,47,700,442
1970,pacific,4,阪急ブレーブス,130,64,64,2,.500,.244,4275,560,1043,184,14,116,526,190,3.57,45,658,511
1971,pacific,2,ロッテ・オリオンズ,130,80,46,4,.635,.270,4425,654,1194,163,20,193,625,124,3.77,52,673,542
1971,pacific,4,南海ホークス,130,61,65,4,.484,.260,4455,614,1157,166,17,156,587,94,4.27,39,517,612
1971,pacific,5,東映フライヤーズ,130,44,74,12,.373,.2413871,4412,477,1065,140,23,131,453,106,3.96,33,581,587
1971,pacific,6,西鉄ライオンズ,130,38,84,8,.311,.231,4295,425,992,153,12,114,394,113,4.31,20,534,623
1971,pacific,3,近鉄バファローズ,130,65,60,5,.520,.2413875,4209,469,1016,116,13,151,447,109,3.21,47,735,481
1971,pacific,1,阪急ブレーブス,130,80,39,11,.672,.273,4384,669,1195,179,16,166,638,184,3.17,56,630,463
1972,pacific,5,ロッテ・オリオンズ,130,59,68,3,.465,.264,4414,583,1166,191,17,148,553,127,4.54,30,542,621
1972,pacific,3,南海ホークス,130,65,61,4,.5158,.253,4357,512,1102,150,16,133,496,102,3.48,35,504,511
1972,pacific,4,東映フライヤーズ,130,63,61,6,.508,.270,4330,595,1169,184,16,149,570,96,3.82,40,649,546
1972,pacific,6,西鉄ライオンズ,130,47,80,3,.370,.242,4236,439,1023,157,17,110,412,97,4.12,26,524,598
1972,pacific,2,近鉄バファローズ,130,64,60,6,.5161,.248,4315,486,1071,153,11,123,465,90,3.07,42,691,453
1972,pacific,1,阪急ブレーブス,130,80,48,2,.625,.260,4275,594,1113,174,27,167,563,202,3.19,44,571,480
1973,pacific,3,ロッテ・オリオンズ,130,70,49,11,.588,.264,4305,548,1138,154,25,139,518,112,3.43,32,645,491
1973,pacific,1,南海ホークス,130,68,58,4,.540,.260,4363,508,1135,155,10,113,483,103,3.35,43,481,493
1973,pacific,4,太平洋クラブ・ライオンズ,130,59,64,7,.480,.239,4224,499,1011,134,18,116,470,106,3.58,34,495,509
1973,pacific,5,日拓ホーム・フライヤーズ,130,55,69,6,.444,.254,4325,511,1097,132,10,133,483,91,3.97,32,563,563
1973,pacific,6,近鉄バファローズ,130,42,83,5,.336,.237,4281,424,1015,138,16,113,409,77,3.83,34,612,580
1973,pacific,2,阪急ブレーブス,130,77,48,5,.616,.270,4382,645,1184,172,27,151,610,202,3.30,41,572,499
1974,pacific,1,ロッテ・オリオンズ,130,69,50,11,.580,.265,4290,539,1135,176,38,114,514,111,3.18,43,663,462
1974,pacific,3,南海ホークス,130,59,55,16,.518,.2456,4271,504,1049,175,26,124,472,111,3.06,30,565,460
1974,pacific,4,太平洋クラブ・ライオンズ,130,59,64,7,.480,.235,4197,436,988,141,9,90,410,88,3.46,31,560,482
1974,pacific,6,日本ハム・ファイターズ,130,49,75,6,.395,.2463,4218,472,1039,152,19,96,445,134,4.11,33,600,569
1974,pacific,5,近鉄バファローズ,130,56,66,8,.459,.230,4076,472,937,115,11,131,449,128,3.63,36,535,503
1974,pacific,2,阪急ブレーブス,130,69,51,10,.575,.258,4183,577,1079,172,21,125,541,228,3.52,24,566,524
1975,pacific,4,ロッテ・オリオンズ,130,59,65,6,.476,.259,4344,514,1124,154,32,108,479,130,3.33,37,601,494
1975,pacific,5,南海ホークス,130,57,65,8,.467,.2457,4371,524,1074,149,27,102,500,140,2.98,55,470,478
1975,pacific,3,太平洋クラブ・ライオンズ,130,58,62,10,.483,.261,4367,530,1139,156,14,135,504,95,3.73,53,523,563
1975,pacific,6,日本ハム・ファイターズ,130,55,63,12,.466,.258,4343,458,1119,139,14,100,426,81,3.89,28,492,576
1975,pacific,2,近鉄バファローズ,130,71,50,9,.587,.2459,4269,498,1050,137,19,115,483,80,3.09,58,461,448
1975,pacific,1,阪急ブレーブス,130,64,59,7,.520,.257,4304,541,1105,163,19,143,513,174,3.49,71,536,506
1976,pacific,3,ロッテ・オリオンズ,130,63,56,11,.529,.25781,4255,476,1097,152,24,99,454,94,2.96,40,663,441
1976,pacific,2,南海ホークス,130,71,56,3,.559,.2585,4262,489,1102,145,28,97,468,147,2.91,48,496,431
1976,pacific,6,太平洋クラブ・ライオンズ,130,44,76,10,.367,.2587,4336,450,1122,108,21,115,430,72,4.08,48,471,594
1976,pacific,5,日本ハム・ファイターズ,130,52,67,11,.437,.25786,4324,484,1115,163,25,107,455,80,3.72,43,606,523
1976,pacific,4,近鉄バファローズ,130,57,66,7,.463,.245,4244,457,1040,140,17,102,431,88,3.04,54,489,436
1976,pacific,1,阪急ブレーブス,130,79,45,6,.637,.256,4254,546,1091,159,29,139,518,112,3.30,70,567,477
1977,pacific,6,クラウンライター・ライオンズ,130,49,73,8,.402,.249,4293,468,1071,127,12,128,448,90,4.27,34,493,598
1977,pacific,3,ロッテ・オリオンズ,130,60,57,13,.513,.270,4320,526,1167,177,27,111,499,115,3.17,28,728,485
1977,pacific,2,南海ホークス,130,63,55,12,.534,.250,4292,502,1073,153,19,108,479,78,3.15,56,501,471
1977,pacific,5,日本ハム・ファイターズ,130,58,61,11,.487,.2454,4257,479,1045,157,21,113,458,116,3.36,37,649,485
1977,pacific,4,近鉄バファローズ,130,59,61,10,.492,.2446,4284,453,1048,142,20,92,423,120,3.31,54,501,483
1977,pacific,1,阪急ブレーブス,130,69,51,10,.575,.269,4357,569,1172,178,27,147,540,115,3.23,62,632,475
1978,pacific,5,クラウンライター・ライオンズ,130,51,67,12,.432,.268,4403,497,1181,129,15,109,482,93,3.75,51,469,582
1978,pacific,4,ロッテ・オリオンズ,130,53,62,15,.461,.269,4379,523,1180,175,18,115,496,93,4.01,37,647,587
1978,pacific,6,南海ホークス,130,42,77,11,.353,.239,4237,408,1011,123,16,78,379,79,4.01,46,482,568
1978,pacific,3,日本ハム・ファイターズ,130,55,63,12,.466,.264,4345,534,1145,170,21,131,504,92,3.98,44,533,566
1978,pacific,2,近鉄バファローズ,130,71,46,13,.607,.266,4268,572,1134,155,25,115,545,123,3.21,57,538,449
1978,pacific,1,阪急ブレーブス,130,82,39,9,.678,.283,4375,700,1239,192,34,176,667,199,3.13,58,626,482
1979,pacific,4,ロッテ・オリオンズ,130,55,63,12,.466,.274,4407,576,1208,199,18,150,547,72,4.30,43,677,597
1979,pacific,5,南海ホークス,130,46,73,11,.387,.276,4420,558,1222,183,19,125,534,100,4.86,23,471,689
1979,pacific,3,日本ハム・ファイターズ,130,63,60,7,.512,.266,4361,592,1162,204,21,131,564,185,4.09,48,525,569
1979,pacific,6,西武ライオンズ,130,45,73,12,.381,.259,4358,525,1128,178,16,140,501,61,4.60,32,637,686
1979,pacific,1,近鉄バファローズ,130,74,45,11,.622,.285,4423,672,1260,185,11,195,641,140,3.70,47,576,531
1979,pacific,2,阪急ブレーブス,130,75,44,11,.630,.281,4364,695,1228,209,35,193,667,167,3.84,64,594,546
1980,pacific,2,ロッテ・オリオンズ,130,64,51,15,.557,.280,4415,639,1237,172,13,184,607,114,4.15,48,646,588
1980,pacific,6,南海ホークス,130,48,77,5,.384,.274,4440,623,1218,204,13,183,600,80,5.63,30,476,784
1980,pacific,3,日本ハム・ファイターズ,130,66,53,11,.555,.264,4305,593,1137,151,22,167,578,115,3.61,44,706,513
1980,pacific,4,西武ライオンズ,130,62,64,4,.492,.267,4369,651,1165,154,12,219,631,45,4.43,48,687,634
1980,pacific,1,近鉄バファローズ,130,68,54,8,.557,.290,4488,791,1301,203,14,239,764,85,4.96,50,609,694
1980,pacific,5,阪急ブレーブス,130,58,67,5,.464,.262,4360,647,1144,192,24,204,625,157,5.08,50,490,731
1981,pacific,3,ロッテ・オリオンズ,130,63,57,10,.525,.277,4371,567,1210,173,19,126,547,99,4.16,29,563,597
1981,pacific,5,南海ホークス,130,53,65,12,.449,.273,4403,544,1201,175,22,128,524,85,4.37,41,452,619
1981,pacific,1,日本ハム・ファイターズ,130,68,54,8,.557,.276,4338,610,1199,197,23,126,591,118,3.81,44,631,554
1981,pacific,4,西武ライオンズ,130,61,61,8,.500,.2673,4306,599,1151,183,29,143,574,72,3.62,46,569,513
1981,pacific,6,近鉄バファローズ,130,54,72,4,.429,.253,4324,557,1095,166,19,149,528,121,4.10,41,543,576
1981,pacific,2,阪急ブレーブス,130,68,58,4,.540,.2666,4317,579,1151,181,24,140,551,140,4.01,48,438,597
1982,pacific,5,ロッテ・オリオンズ,130,54,69,7,.439,.263,4287,531,1129,190,15,123,514,84,4.24,55,581,600
1982,pacific,6,南海ホークス,130,53,71,6,.427,.255,4267,452,1088,184,13,90,426,72,4.05,34,447,575
1982,pacific,2,日本ハム・ファイターズ,130,67,52,11,.563,.266,4278,551,1137,222,27,127,531,85,3.63,31,686,518
1982,pacific,1,西武ライオンズ,130,68,58,4,.540,.253,4226,529,1070,164,15,131,504,70,3.31,38,648,461
1982,pacific,3,近鉄バファローズ,130,63,57,10,.525,.258,4299,594,1108,175,14,151,567,126,4.11,71,523,577
1982,pacific,4,阪急ブレーブス,130,62,60,8,.508,.256,4213,596,1078,176,24,150,559,142,3.73,46,572,522
1983,pacific,6,ロッテ・オリオンズ,130,43,76,11,.361,.264,4295,525,1134,158,21,128,505,78,5.12,24,581,710
1983,pacific,5,南海ホークス,130,52,69,9,.430,.268,4332,548,1160,173,20,128,524,87,4.75,41,450,659
1983,pacific,3,日本ハム・ファイターズ,130,64,59,7,.520,.275,4306,581,1182,181,10,153,554,124,3.82,21,607,540
1983,pacific,1,西武ライオンズ,130,86,40,4,.683,.278,4333,700,1204,201,26,182,685,58,3.20,37,560,440
1983,pacific,4,近鉄バファローズ,130,52,65,13,.444,.262,4271,581,1121,177,19,134,559,139,4.49,46,510,626
1983,pacific,2,阪急ブレーブス,130,67,55,8,.549,.272,4228,632,1148,177,32,157,596,200,4.16,54,537,592
1984,pacific,2,ロッテ・オリオンズ,130,64,51,15,.557,.275,4371,632,1202,210,22,149,609,92,4.22,48,572,602
1984,pacific,5,南海ホークス,130,53,65,12,.449,.269,4335,633,1164,208,19,159,606,96,4.89,35,553,697
1984,pacific,6,日本ハム・ファイターズ,130,44,73,13,.376,.259,4281,571,1110,190,16,144,545,101,4.98,27,570,688
1984,pacific,3,西武ライオンズ,130,62,61,7,.504,.256,4214,593,1078,200,20,153,572,86,4.10,43,600,565
1984,pacific,4,近鉄バファローズ,130,58,61,11,.487,.257,4343,609,1114,161,13,174,593,91,4.36,36,500,647
1984,pacific,1,阪急ブレーブス,130,75,45,10,.625,.272,4277,671,1165,166,21,166,643,118,3.72,56,608,510
1985,pacific,2,ロッテ・オリオンズ,130,64,60,6,.516,.287,4455,720,1279,189,21,168,695,98,4.80,36,642,711
1985,pacific,6,南海ホークス,130,44,76,10,.367,.260,4361,603,1133,196,19,149,573,91,5.05,40,484,740
1985,pacific,5,日本ハム・ファイターズ,130,53,65,12,.449,.265,4370,636,1158,174,15,169,606,51,4.36,33,730,627
1985,pacific,1,西武ライオンズ,130,79,45,6,.637,.2715,4302,655,1168,188,26,155,625,93,3.82,50,645,543
1985,pacific,3,近鉄バファローズ,130,63,60,7,.5121,.2718,4374,678,1189,195,18,212,654,71,5.10,17,543,731
1985,pacific,4,阪急ブレーブス,130,64,61,5,.5120,.274,4376,758,1197,186,21,197,719,156,4.98,59,620,698
1986,pacific,4,ロッテ・オリオンズ,130,57,64,9,.471,.2808,4376,622,1229,169,14,171,593,94,4.342,31,713,609
1986,pacific,6,南海ホークス,130,49,73,8,.402,.251,4256,459,1067,152,11,136,445,70,4.46,44,616,626
1986,pacific,5,日本ハム・ファイターズ,130,57,65,8,.467,.262,4366,548,1143,185,23,151,529,82,4.10,28,734,571
1986,pacific,1,西武ライオンズ,130,68,49,13,.581,.2806,4336,647,1217,187,27,185,626,129,3.69,43,769,514
1986,pacific,2,近鉄バファローズ,130,66,52,12,.559,.271,4385,611,1188,204,26,183,584,56,4.337,26,701,622
1986,pacific,3,阪急ブレーブス,130,63,57,10,.525,.277,4431,631,1228,197,18,180,594,100,4.11,39,710,576
1987,pacific,5,ロッテ・オリオンズ,130,51,65,14,.440,.264,4284,518,1132,184,21,104,486,152,3.67,39,741,525
1987,pacific,4,南海ホークス,130,57,63,10,.475,.261,4231,502,1104,134,8,132,484,58,3.86,47,637,556
1987,pacific,3,日本ハム・ファイターズ,130,63,60,7,.512,.259,4294,561,1111,170,13,128,534,64,3.96,36,748,562
1987,pacific,1,西武ライオンズ,130,71,45,14,.612,.249,4237,525,1056,160,18,153,510,123,2.96,66,635,434
1987,pacific,6,近鉄バファローズ,130,52,69,9,.430,.270,4438,528,1198,187,16,135,512,81,4.22,43,682,599
1987,pacific,2,阪急ブレーブス,130,64,56,10,.533,.272,4407,584,1198,208,8,152,553,62,3.89,45,751,542
1988,pacific,6,ロッテ・オリオンズ,130,54,74,2,.422,.262,4333,486,1136,191,16,100,461,106,4.38,37,833,601
1988,pacific,5,南海ホークス,130,58,71,1,.450,.267,4302,578,1149,156,21,162,555,75,4.07,36,604,607
1988,pacific,3,日本ハム・ファイターズ,130,62,65,3,.488,.245,4256,455,1043,164,10,101,428,43,3.12,52,795,448
1988,pacific,1,西武ライオンズ,130,73,51,6,.589,.270,4361,645,1176,178,20,176,613,95,3.61,60,578,531
1988,pacific,2,近鉄バファローズ,130,74,52,4,.587,.253,4188,515,1058,173,22,154,497,46,3.23,36,713,446
1988,pacific,4,阪急ブレーブス,130,60,68,2,.469,.264,4302,532,1134,173,20,117,498,51,4.08,50,646,578
1989,pacific,2,オリックス・ブレーブス,130,72,55,3,.567,.278,4356,665,1210,200,23,170,647,66,4.26,32,729,616
1989,pacific,6,ロッテ・オリオンズ,130,48,74,8,.393,.2657,4418,558,1174,213,24,119,525,99,4.50,46,793,644
1989,pacific,5,日本ハム・ファイターズ,130,54,73,3,.425,.2659,4313,527,1147,186,20,131,504,144,4.20,36,742,571
1989,pacific,4,福岡ダイエーホークス,130,59,64,7,.480,.257,4309,610,1107,199,20,166,586,85,4.74,28,641,678
1989,pacific,3,西武ライオンズ,130,69,53,8,.566,.271,4300,644,1166,184,32,150,612,149,3.856,54,717,543
1989,pacific,1,近鉄バファローズ,130,71,54,5,.568,.261,4338,606,1134,210,17,157,580,45,3.859,42,747,558
1990,pacific,2,オリックス・ブレーブス,130,69,57,4,.548,.271,4361,690,1181,190,25,186,657,134,4.30,36,814,619
1990,pacific,5,ロッテ・オリオンズ,130,57,71,2,.445,.262,4360,571,1141,202,31,132,541,95,4.22,28,835,622
1990,pacific,4,日本ハム・ファイターズ,130,66,63,1,.512,.2627,4343,570,1141,204,20,128,534,76,3.68,41,811,542
1990,pacific,6,福岡ダイエーホークス,130,41,85,4,.325,.251,4335,522,1089,211,23,116,487,61,5.56,28,745,757
1990,pacific,1,西武ライオンズ,130,81,45,4,.643,.2628,4226,634,1111,186,21,162,584,175,3.48,46,872,487
1990,pacific,3,近鉄バファローズ,130,67,60,3,.528,.275,4459,678,1226,224,28,181,640,67,4.34,44,825,638
1991,pacific,3,オリックス・ブルーウェーブ,130,64,63,3,.504,.261,4379,554,1145,202,32,127,531,76,3.90,38,748,557
1991,pacific,6,ロッテ・オリオンズ,130,48,77,5,.384,.260,4324,484,1124,195,27,89,447,61,4.23,40,778,599
1991,pacific,4,日本ハム・ファイターズ,130,53,72,5,.424,.251,4242,463,1065,164,18,112,448,81,3.72,30,665,523
1991,pacific,5,福岡ダイエーホークス,130,53,73,4,.421,.253,4325,557,1096,192,21,152,537,141,4.74,35,648,661
1991,pacific,1,西武ライオンズ,130,81,43,6,.653,.2651,4265,624,1131,205,18,155,593,104,3.22,48,812,439
1991,pacific,2,近鉄バファローズ,130,77,48,5,.616,.2650,4312,592,1143,184,27,157,568,62,3.46,43,756,495
1992,pacific,3,オリックス・ブルーウェーブ,130,61,64,5,.488,.272,4384,540,1191,220,33,88,507,72,3.58,50,774,503
1992,pacific,6,千葉ロッテマリーンズ,130,54,74,2,.422,.241,4247,460,1023,193,29,89,442,67,3.82,37,886,540
1992,pacific,5,日本ハム・ファイターズ,130,54,73,3,.425,.259,4307,497,1115,170,20,99,472,66,4.20,40,755,579
1992,pacific,4,福岡ダイエーホークス,130,57,72,1,.442,.258,4296,534,1109,167,21,139,519,115,4.60,45,604,637
1992,pacific,1,西武ライオンズ,130,80,47,3,.630,.278,4300,658,1196,213,14,159,623,116,3.52,34,884,495
1992,pacific,2,近鉄バファローズ,130,74,50,6,.597,.247,4272,580,1057,181,30,155,557,112,3.69,30,897,515
1993,pacific,3,オリックス・ブルーウェーブ,130,70,56,4,.556,.253,4343,516,1100,192,16,125,493,83,3.24,48,899,471
1993,pacific,5,千葉ロッテマリーンズ,130,51,77,2,.398,.251,4296,487,1078,219,29,95,465,75,4.08,34,870,583
1993,pacific,2,日本ハム・ファイターズ,130,71,52,7,.577,.259,4315,558,1117,202,18,106,527,130,3.37,39,762,478
1993,pacific,6,福岡ダイエーホークス,130,45,80,5,.360,.246,4349,434,1071,190,33,75,414,95,4.22,33,665,596
1993,pacific,1,西武ライオンズ,130,74,53,3,.583,.260,4276,512,1111,184,26,114,481,90,2.96,33,927,421
1993,pacific,4,近鉄バファローズ,130,66,59,5,.528,.258,4338,562,1118,181,29,145,530,124,3.62,30,927,520
1994,pacific,2,オリックス・ブルーウェーブ,130,68,59,3,.5354,.285,4453,601,1268,224,20,92,568,61,3.93,33,903,563
1994,pacific,5,千葉ロッテマリーンズ,130,55,73,2,.430,.261,4378,521,1143,227,29,104,503,54,4.50,24,919,633
1994,pacific,6,日本ハム・ファイターズ,130,46,79,5,.368,.252,4327,485,1089,156,19,101,459,80,4.62,27,755,637
1994,pacific,4,福岡ダイエーホークス,130,69,60,1,.5348,.275,4465,604,1228,221,21,132,576,67,4.10,26,756,592
1994,pacific,1,西武ライオンズ,130,76,52,2,.594,.279,4377,667,1221,217,23,122,621,140,3.81,25,881,535
1994,pacific,3,近鉄バファローズ,130,68,59,3,.5354,.274,4434,701,1213,246,19,169,681,75,4.24,23,823,619
1995,pacific,1,オリックス・ブルーウェーブ,130,82,47,1,.636,.2593,4310,571,1118,192,22,115,539,82,2.88,28,938,428
1995,pacific,2,千葉ロッテマリーンズ,130,69,58,3,.543,.254,4260,481,1084,161,23,88,458,84,3.27,25,1004,461
1995,pacific,4,日本ハム・ファイターズ,130,59,68,3,.465,.237,4287,477,1016,150,15,105,456,68,3.56,24,831,503
1995,pacific,5,福岡ダイエーホークス,130,54,72,4,.429,.2586,4380,492,1133,183,27,94,469,105,4.16,19,780,580
1995,pacific,3,西武ライオンズ,130,67,57,6,.540,.246,4329,498,1066,172,18,117,471,113,2.98,20,892,427
1995,pacific,6,近鉄バファローズ,130,49,78,3,.386,.234,4290,457,1006,163,22,105,428,65,3.97,25,825,577
1996,pacific,1,オリックス・ブルーウェーブ,130,74,50,6,.597,.271,4484,607,1215,177,18,124,580,63,3.55,21,847,529
1996,pacific,5,千葉ロッテマリーンズ,130,60,67,3,.472,.252,4301,456,1086,191,20,85,437,71,3.68,18,863,525
1996,pacific,2,日本ハム・ファイターズ,130,68,58,4,.540,.249,4310,527,1073,175,26,130,502,69,3.49,30,770,502
1996,pacific,6,福岡ダイエーホークス,130,54,74,2,.422,.263,4346,551,1143,196,28,97,516,140,4.04,26,823,565
1996,pacific,3,西武ライオンズ,130,62,64,4,.492,.258,4348,517,1120,191,19,141,494,149,3.58,25,928,521
1996,pacific,4,近鉄バファローズ,130,62,67,1,.481,.255,4319,555,1103,177,17,146,533,76,4.01,24,811,571
1997,pacific,2,オリックス・ブルーウェーブ,135,71,61,3,.538,.263,4521,582,1191,208,21,111,548,70,3.61,11,788,544
1997,pacific,6,千葉ロッテマリーンズ,135,57,76,2,.429,.249,4458,466,1111,171,29,75,429,117,3.84,21,817,584
1997,pacific,4,日本ハム・ファイターズ,135,63,71,1,.470,.265,4574,572,1213,221,16,128,539,63,4.18,16,682,600
1997,pacific,5,福岡ダイエーホークス,135,63,71,1,.470,.264,4543,587,1201,188,21,132,564,94,4.26,14,861,610
1997,pacific,1,西武ライオンズ,135,76,56,3,.576,.281,4595,656,1293,231,43,110,610,200,3.63,24,892,554
1997,pacific,3,近鉄バファローズ,135,68,63,4,.519,.274,4572,603,1252,223,25,112,580,112,3.79,13,871,574
1998,pacific,3,オリックス・ブルーウェーブ,135,66,66,3,.500,.2639,4561,586,1204,225,18,140,561,42,4.03,10,824,609
1998,pacific,6,千葉ロッテマリーンズ,135,61,71,3,.462,.271,4572,581,1240,241,35,102,556,80,3.70,29,750,563
1998,pacific,2,日本ハム・ファイターズ,135,67,65,3,.508,.255,4456,635,1136,175,19,150,599,91,3.83,28,703,571
1998,pacific,4,福岡ダイエーホークス,135,67,67,1,.500,.2637,4425,546,1167,209,22,100,507,89,4.02,14,719,596
1998,pacific,1,西武ライオンズ,135,70,61,4,.534,.270,4505,586,1217,185,28,115,543,145,3.66,16,903,559
1998,pacific,5,近鉄バファローズ,135,66,67,2,.496,.267,4495,593,1198,224,28,126,564,80,4.28,16,760,629
1999,pacific,3,オリックス・ブルーウェーブ,135,68,65,2,.511,.263,4574,620,1205,205,15,112,597,69,3.637,21,782,577
1999,pacific,4,千葉ロッテマリーンズ,135,63,70,2,.474,.2567,4467,541,1147,238,34,97,515,64,3.644,18,851,538
1999,pacific,6,大阪近鉄バファローズ,135,54,77,4,.412,.2572,4497,595,1157,224,15,151,573,73,4.54,12,762,662
1999,pacific,5,日本ハム・ファイターズ,135,60,73,2,.451,.260,4559,614,1184,223,26,148,587,67,4.34,20,761,625
1999,pacific,1,福岡ダイエーホークス,135,78,54,3,.591,.2573,4511,563,1161,199,26,140,542,80,3.65,16,878,553
1999,pacific,2,西武ライオンズ,135,75,59,1,.560,.258,4438,535,1144,170,24,89,510,136,3.58,22,976,513
2000,pacific,4,オリックス・ブルーウェーブ,135,64,67,4,.489,.260,4517,638,1176,212,18,116,610,72,4.64,23,806,672
2000,pacific,5,千葉ロッテマリーンズ,135,62,67,6,.481,.259,4528,622,1175,220,24,109,587,88,4.73,12,797,708
2000,pacific,6,大阪近鉄バファローズ,135,58,75,2,.436,.262,4496,612,1176,200,34,125,583,68,4.66,20,808,687
2000,pacific,3,日本ハム・ファイターズ,135,69,65,1,.515,.278,4627,771,1285,225,31,177,735,107,4.70,26,793,664
2000,pacific,1,福岡ダイエーホークス,135,73,60,2,.549,.268,4525,630,1212,217,27,129,610,57,4.03,12,792,584
2000,pacific,2,西武ライオンズ,135,69,61,5,.531,.255,4504,614,1148,214,26,97,584,85,3.68,14,909,572
2001,pacific,4,オリックス・ブルーウェーブ,140,70,66,4,.515,.263,4768,651,1252,229,21,143,619,60,4.11,11,980,634
2001,pacific,5,千葉ロッテマリーンズ,140,64,74,2,.464,.258,4610,593,1190,237,23,133,569,55,3.93,17,816,608
2001,pacific,1,大阪近鉄バファローズ,140,78,60,2,.565,.280,4765,770,1332,235,16,211,748,35,4.98,12,860,745
2001,pacific,6,日本ハム・ファイターズ,140,53,84,3,.387,.2557,4774,593,1221,209,21,147,570,95,4.79,15,923,713
2001,pacific,2,福岡ダイエーホークス,140,76,63,1,.547,.273,4861,741,1329,222,18,203,719,98,4.49,15,760,684
2001,pacific,3,西武ライオンズ,140,73,67,0,.521,.2559,4645,620,1189,202,21,184,594,111,3.88,16,1011,584
2002,pacific,6,オリックス・ブルーウェーブ,140,50,87,3,.365,.235,4615,438,1083,201,13,102,416,86,3.58,10,929,547
2002,pacific,4,千葉ロッテマリーンズ,140,67,72,1,.482,.2466,4602,500,1135,250,20,101,478,57,3.72,13,930,565
2002,pacific,2,大阪近鉄バファローズ,140,73,65,2,.529,.258,4735,598,1223,249,20,177,579,32,3.93,9,1004,592
2002,pacific,5,日本ハム・ファイターズ,140,61,76,3,.445,.2469,4653,506,1149,213,24,146,486,72,3.856105,18,921,570
2002,pacific,3,福岡ダイエーホークス,140,73,65,2,.529,.267,4708,630,1258,227,18,160,606,72,3.856107,17,902,578
2002,pacific,1,西武ライオンズ,140,90,49,1,.647,.278,4737,672,1315,237,22,183,644,107,3.20,14,1074,492
2003,pacific,6,オリックス・ブルーウェーブ,140,48,88,4,.353,.276,4837,652,1333,257,18,174,622,74,5.95,5,892,927
2003,pacific,4,千葉ロッテマリーンズ,140,68,69,3,.496,.2713,4761,651,1292,283,30,145,628,68,4.37,19,849,665
2003,pacific,3,大阪近鉄バファローズ,140,74,64,2,.536,.274,4748,718,1302,247,23,187,695,83,4.30,18,965,632
2003,pacific,5,日本ハム・ファイターズ,140,62,74,4,.456,.269,4875,675,1310,245,20,149,645,90,4.88,6,734,738
2003,pacific,1,福岡ダイエーホークス,140,82,55,3,.599,.297,4926,822,1461,276,33,154,794,147,3.94,26,1126,588
2003,pacific,2,西武ライオンズ,140,77,61,2,.558,.2714,4770,692,1295,247,29,191,656,84,4.43,13,1026,660
2004,pacific,6,オリックス・ブルーウェーブ,133,49,82,2,.374,.283,4596,622,1300,254,25,112,587,90,5.66,9,805,807
2004,pacific,3,北海道日本ハムファイターズ,133,66,65,2,.504,.281,4681,731,1315,237,21,178,702,45,4.72,3,843,697
2004,pacific,4,千葉ロッテマリーンズ,133,65,65,3,.500,.264,4605,649,1218,278,29,143,626,49,4.40,11,878,642
2004,pacific,5,大阪近鉄バファローズ,133,61,70,2,.466,.269,4544,630,1221,221,15,121,601,59,4.46,18,832,636
2004,pacific,2,福岡ダイエーホークス,133,77,52,4,.597,.292,4654,739,1359,244,28,183,706,84,4.58,19,923,651
2004,pacific,1,西武ライオンズ,133,74,58,1,.561,.276,4604,718,1271,220,25,183,691,97,4.29,15,965,656
2005,pacific,4,オリックス・バファローズ,136,62,70,4,.470,.260,4616,527,1202,202,17,97,509,44,3.84,9,855,587
2005,pacific,5,北海道日本ハムファイターズ,136,62,71,3,.466,.254,4734,605,1203,202,22,165,585,53,3.98,9,787,606
2005,pacific,1,千葉ロッテマリーンズ,136,84,49,3,.632,.282,4730,740,1336,278,34,143,713,101,3.21,28,826,479
2005,pacific,6,東北楽天ゴールデンイーグルス,136,38,97,1,.281,.255,4577,504,1166,209,16,88,474,41,5.67,18,771,812
2005,pacific,2,福岡ソフトバンクホークス,136,89,45,2,.664,.281,4624,658,1300,225,23,172,636,72,3.46,22,1062,504
2005,pacific,3,西武ライオンズ,136,67,69,0,.493,.269,4611,604,1240,234,18,162,572,70,4.27,22,1020,636
2006,pacific,5,オリックス・バファローズ,136,52,81,3,.391,.253,4587,481,1162,195,12,106,453,51,3.84,18,723,570
2006,pacific,1,北海道日本ハムファイターズ,136,82,54,0,.603,.269,4567,567,1227,230,24,135,551,69,3.05,12,818,452
2006,pacific,4,千葉ロッテマリーンズ,136,65,70,1,.481,.252,4548,502,1147,209,24,111,486,71,3.78,19,929,562
2006,pacific,6,東北楽天ゴールデンイーグルス,136,47,85,4,.356,.258,4577,452,1183,209,16,67,422,75,4.30,12,862,651
2006,pacific,3,福岡ソフトバンクホークス,136,75,56,5,.573,.259,4543,553,1178,211,30,82,523,71,3.13,21,1029,472
2006,pacific,2,西武ライオンズ,136,80,54,2,.597,.275,4652,645,1277,231,28,131,607,111,3.64,27,1004,556
2007,pacific,6,オリックス・バファローズ,144,62,77,5,.446,.25870,4855,536,1256,208,16,119,512,41,3.67,7,916,585
2007,pacific,1,北海道日本ハムファイターズ,144,79,60,5,.568,.25871,4820,526,1247,213,27,73,498,112,3.22,19,889,489
2007,pacific,2,千葉ロッテマリーンズ,144,76,61,7,.555,.2623,4906,629,1287,253,28,107,603,90,3.26,25,872,525
2007,pacific,4,東北楽天ゴールデンイーグルス,144,67,75,2,.472,.2624,4762,575,1250,214,16,111,544,89,4.31,7,1019,676
2007,pacific,3,福岡ソフトバンクホークス,144,73,66,5,.525,.267,4936,575,1317,248,24,106,539,84,3.18,10,1066,508
2007,pacific,5,西武ライオンズ,144,66,76,2,.465,.264,4797,564,1265,231,18,126,539,118,3.82,14,889,585
2008,pacific,2,オリックス・バファローズ,144,75,68,1,.524,.262,4817,637,1261,258,25,152,613,63,3.93,7,923,605
2008,pacific,3,北海道日本ハムファイターズ,144,73,69,2,.514,.255,4726,533,1206,224,27,82,516,79,3.54,14,882,541
2008,pacific,4,千葉ロッテマリーンズ,144,73,70,1,.510,.268,4890,662,1309,280,32,127,640,76,4.14,17,915,648
2008,pacific,1,埼玉西武ライオンズ,144,76,64,4,.543,.270,4952,715,1339,270,21,198,693,107,3.86,13,944,626
2008,pacific,5,東北楽天ゴールデンイーグルス,144,65,76,3,.461,.272,4880,627,1329,232,18,94,604,101,3.89,16,1064,607
2008,pacific,6,福岡ソフトバンクホークス,144,64,77,3,.454,.265,5016,556,1330,239,32,99,535,92,4.05,21,1087,641
2009,pacific,6,オリックス・バファローズ,144,56,86,2,.394,.274,4915,585,1348,257,12,118,559,67,4.58,18,979,715
2009,pacific,1,北海道日本ハムファイターズ,144,82,60,2,.577,.278,4920,689,1370,290,27,112,656,105,3.65,17,928,550
2009,pacific,5,千葉ロッテマリーンズ,144,62,77,5,.446,.256,4885,620,1249,245,26,135,600,64,4.23,22,976,639
2009,pacific,4,埼玉西武ライオンズ,144,70,70,4,.500,.261,4933,664,1287,256,25,163,640,115,4.007,19,987,627
2009,pacific,2,東北楽天ゴールデンイーグルス,144,77,66,1,.538,.267,4846,598,1295,233,21,108,568,103,4.012,19,980,609
2009,pacific,3,福岡ソフトバンクホークス,144,74,65,5,.532,.263,4811,600,1263,239,30,129,581,126,3.69,11,1174,591
2010,pacific,5,オリックス・バファローズ,144,69,71,4,.493,.2709,4935,644,1337,251,27,146,624,34,3.97,17,1077,628
2010,pacific,4,北海道日本ハムファイターズ,144,74,67,3,.525,.274,4856,612,1330,229,20,91,585,102,3.52,15,943,548
2010,pacific,3,千葉ロッテマリーンズ,144,75,67,2,.528,.275,4916,708,1350,244,17,126,663,88,4.10,16,989,635
2010,pacific,2,埼玉西武ライオンズ,144,78,65,1,.545,.2710,4858,680,1317,243,20,150,655,111,4.19,13,927,642
2010,pacific,6,東北楽天ゴールデンイーグルス,144,62,79,3,.440,.265,4876,576,1290,233,20,95,546,78,3.98,18,962,635
2010,pacific,1,福岡ソフトバンクホークス,144,76,63,5,.547,.267,4898,638,1308,222,23,134,611,148,3.89,6,1244,615
2011,pacific,4,オリックス・バファローズ,144,69,68,7,.5036,.248,4727,478,1172,186,15,76,459,49,3.33,16,1018,518
2011,pacific,2,北海道日本ハムファイターズ,144,72,65,7,.526,.251,4736,482,1189,202,18,86,457,88,2.68,16,918,418
2011,pacific,6,千葉ロッテマリーンズ,144,54,79,11,.406,.241,4760,432,1146,178,22,46,415,101,3.40,13,832,533
2011,pacific,3,埼玉西武ライオンズ,144,68,67,9,.5037,.253,4751,571,1204,191,18,103,551,88,3.15,18,860,522
2011,pacific,5,東北楽天ゴールデンイーグルス,144,66,71,7,.482,.245,4648,432,1140,175,13,53,408,130,2.85,23,982,464
2011,pacific,1,福岡ソフトバンクホークス,144,88,46,10,.657,.267,4752,550,1271,216,34,90,528,180,2.32,21,1067,351
2012,pacific,6,オリックス・バファローズ,144,57,77,10,.425,.241,4740,443,1142,199,19,73,424,49,3.34,11,887,525
2012,pacific,1,北海道日本ハムファイターズ,144,74,59,11,.556,.256,4758,510,1220,195,20,90,485,82,2.89,13,868,450
2012,pacific,5,千葉ロッテマリーンズ,144,62,67,15,.481,.257,4732,499,1215,208,20,64,477,64,3.13,13,762,502
2012,pacific,2,埼玉西武ライオンズ,144,72,63,9,.533,.251,4648,516,1168,186,27,78,483,94,3.24,9,816,518
2012,pacific,4,東北楽天ゴールデンイーグルス,144,67,67,10,.500,.2515,4739,491,1192,175,24,52,463,119,2.99,15,915,467
2012,pacific,3,福岡ソフトバンクホークス,144,67,65,12,.508,.2524,4734,452,1195,185,32,70,439,144,2.56,16,983,429
2013,pacific,5,オリックス・バファローズ,144,66,73,5,.475,.2559,4825,513,1235,216,18,93,485,84,3.31,13,1064,529
2013,pacific,6,北海道日本ハムファイターズ,144,64,78,2,.451,.2563,4787,534,1227,200,9,105,514,120,3.74,6,824,604
2013,pacific,3,千葉ロッテマリーンズ,144,74,68,2,.521,.262,4798,572,1257,206,29,91,532,91,3.77,3,899,584
2013,pacific,2,埼玉西武ライオンズ,144,74,66,4,.529,.257,4775,570,1226,185,31,86,540,113,3.54,17,984,562
2013,pacific,1,東北楽天ゴールデンイーグルス,144,82,59,3,.582,.267,4819,628,1287,208,20,97,593,62,3.51,13,958,537
2013,pacific,4,福岡ソフトバンクホークス,144,73,69,2,.514,.274,4915,660,1348,225,31,125,635,87,3.56,6,985,562
2014,pacific,2,オリックス・バファローズ,144,80,62,2,.563,.258,4710,584,1215,211,22,110,559,126,2.89,10,1127,468
2014,pacific,3,北海道日本ハムファイターズ,144,73,68,3,.518,.2511,4731,593,1188,188,29,119,564,134,3.61,8,1000,569
2014,pacific,4,千葉ロッテマリーンズ,144,66,76,2,.465,.2508,4836,556,1213,260,33,96,519,64,4.14,8,874,642
2014,pacific,5,埼玉西武ライオンズ,144,63,77,4,.450,.248,4782,574,1187,221,26,125,549,74,3.77,9,914,600
2014,pacific,6,東北楽天ゴールデンイーグルス,144,64,80,0,.444,.255,4768,549,1214,215,18,78,518,64,3.97,11,1005,604
2014,pacific,1,福岡ソフトバンクホークス,144,78,60,6,.565,.280,4935,607,1383,227,30,95,574,124,3.25,7,1077,522
2015,pacific,5,オリックス・バファローズ,143,61,80,2,.433,.249,4725,519,1175,184,16,94,508,88,3.59,7,955,548
2015,pacific,2,北海道日本ハムファイターズ,143,79,62,2,.560,.258,4802,615,1238,205,27,106,578,134,3.62,11,993,581
2015,pacific,3,千葉ロッテマリーンズ,143,73,69,1,.514,.257,4767,561,1227,203,34,85,531,71,3.693,5,926,563
2015,pacific,4,埼玉西武ライオンズ,143,69,69,5,.500,.263,4818,631,1265,243,21,136,602,66,3.685,9,873,573
2015,pacific,6,東北楽天ゴールデンイーグルス,143,57,83,3,.407,.241,4777,463,1150,180,16,85,440,118,3.82,4,1023,612
2015,pacific,1,福岡ソフトバンクホークス,143,90,49,4,.647,.267,4852,651,1294,217,22,141,619,94,3.16,10,1129,491
2016,pacific,6,オリックス・バファローズ,143,57,83,3,.407,.253,4747,499,1199,208,12,84,475,104,4.18,7,956,635
2016,pacific,1,北海道日本ハムファイターズ,143,87,53,3,.621,.266,4795,619,1277,179,13,121,585,132,3.06,9,1004,467
2016,pacific,3,千葉ロッテマリーンズ,143,72,68,3,.514,.256,4810,583,1230,216,30,80,559,77,3.66,12,855,582
2016,pacific,4,埼玉西武ライオンズ,143,64,76,3,.457,.264,4881,619,1287,219,19,128,591,97,3.85,8,956,618
2016,pacific,5,東北楽天ゴールデンイーグルス,143,62,78,3,.443,.257,4806,544,1234,170,32,101,518,56,4.11,3,1026,654
2016,pacific,2,福岡ソフトバンクホークス,143,83,54,6,.606,.261,4744,637,1240,188,30,114,609,107,3.09,7,1158,479
